type,phase,office,service,multiplier
FO_alpha,0,A1,P,-0.0
FO_alpha,0,A1,S,-0.0
FO_alpha,0,A1,O,-0.0
FO_alpha,0,A1,T,-0.0
FO_alpha,0,A1,M,-0.0
FO_alpha,0,A2,P,-0.0
FO_alpha,0,A2,S,-0.0
FO_alpha,0,A2,O,-0.0
FO_alpha,0,A2,T,-0.0
FO_alpha,0,A2,M,-0.0
FO_alpha,0,B1,P,-0.0
FO_alpha,0,B1,S,-0.0
FO_alpha,0,B1,O,-0.0
FO_alpha,0,B1,T,-0.0
FO_alpha,0,B1,M,-101.0
FO_alpha,0,B2,P,-0.0
FO_alpha,0,B2,S,-0.0
FO_alpha,0,B2,O,-0.0
FO_alpha,0,B2,T,-0.0
FO_alpha,0,B2,M,-0.0
FO_alpha,0,B3,P,-0.0
FO_alpha,0,B3,S,-0.0
FO_alpha,0,B3,O,-0.0
FO_alpha,0,B3,T,-3.0
FO_alpha,0,B3,M,-0.0
FO_alpha,0,C1,P,-0.0
FO_alpha,0,C1,S,1.0
FO_alpha,0,C1,O,-0.0
FO_alpha,0,C1,T,-3.0
FO_alpha,0,C1,M,-0.0
FO_alpha,0,C2,P,-0.0
FO_alpha,0,C2,S,-0.0
FO_alpha,0,C2,O,-0.0
FO_alpha,0,C2,T,-0.0
FO_alpha,0,C2,M,-0.0
FO_alpha,0,D1,P,-0.0
FO_alpha,0,D1,S,-0.0
FO_alpha,0,D1,O,-0.0
FO_alpha,0,D1,T,-3.0
FO_alpha,0,D1,M,-0.0
FO_alpha,0,D2,P,-0.0
FO_alpha,0,D2,S,-0.0
FO_alpha,0,D2,O,-0.0
FO_alpha,0,D2,T,-0.0
FO_alpha,0,D2,M,-101.0
FO_alpha,0,D3,P,-0.0
FO_alpha,0,D3,S,-0.0
FO_alpha,0,D3,O,-0.0
FO_alpha,0,D3,T,-0.0
FO_alpha,0,D3,M,-101.0
FO_alpha,0,E1,P,-0.0
FO_alpha,0,E1,S,-0.0
FO_alpha,0,E1,O,1.0
FO_alpha,0,E1,T,-0.0
FO_alpha,0,E1,M,-0.0
FO_alpha,0,E2,P,-0.0
FO_alpha,0,E2,S,-0.0
FO_alpha,0,E2,O,1.0
FO_alpha,0,E2,T,-0.0
FO_alpha,0,E2,M,-0.0
FO_alpha,1,A1,P,-0.0
FO_alpha,1,A1,S,-0.0
FO_alpha,1,A1,O,-0.0
FO_alpha,1,A1,T,-0.0
FO_alpha,1,A1,M,-0.0
FO_alpha,1,A2,P,-0.0
FO_alpha,1,A2,S,-0.0
FO_alpha,1,A2,O,-0.0
FO_alpha,1,A2,T,-0.0
FO_alpha,1,A2,M,-0.0
FO_alpha,1,B1,P,-0.0
FO_alpha,1,B1,S,-0.0
FO_alpha,1,B1,O,-0.0
FO_alpha,1,B1,T,-0.0
FO_alpha,1,B1,M,1.0
FO_alpha,1,B2,P,-0.0
FO_alpha,1,B2,S,-0.0
FO_alpha,1,B2,O,-0.0
FO_alpha,1,B2,T,-0.0
FO_alpha,1,B2,M,1.0
FO_alpha,1,B3,P,-0.0
FO_alpha,1,B3,S,-0.0
FO_alpha,1,B3,O,-0.0
FO_alpha,1,B3,T,-0.0
FO_alpha,1,B3,M,1.0
FO_alpha,1,C1,P,-0.0
FO_alpha,1,C1,S,-1.0
FO_alpha,1,C1,O,-0.0
FO_alpha,1,C1,T,-0.0
FO_alpha,1,C1,M,-0.0
FO_alpha,1,C2,P,-0.0
FO_alpha,1,C2,S,-1.0
FO_alpha,1,C2,O,-0.0
FO_alpha,1,C2,T,-0.0
FO_alpha,1,C2,M,-0.0
FO_alpha,1,D1,P,-0.0
FO_alpha,1,D1,S,-0.0
FO_alpha,1,D1,O,-0.0
FO_alpha,1,D1,T,-101.0
FO_alpha,1,D1,M,-0.0
FO_alpha,1,D2,P,-0.0
FO_alpha,1,D2,S,-0.0
FO_alpha,1,D2,O,-0.0
FO_alpha,1,D2,T,-101.0
FO_alpha,1,D2,M,-0.0
FO_alpha,1,D3,P,-0.0
FO_alpha,1,D3,S,-0.0
FO_alpha,1,D3,O,-0.0
FO_alpha,1,D3,T,-101.0
FO_alpha,1,D3,M,-0.0
FO_alpha,1,E1,P,-0.0
FO_alpha,1,E1,S,-0.0
FO_alpha,1,E1,O,-0.0
FO_alpha,1,E1,T,-0.0
FO_alpha,1,E1,M,-0.0
FO_alpha,1,E2,P,-0.0
FO_alpha,1,E2,S,-0.0
FO_alpha,1,E2,O,-0.0
FO_alpha,1,E2,T,-0.0
FO_alpha,1,E2,M,-0.0
FO_alpha,2,A1,P,-0.0
FO_alpha,2,A1,S,-0.0
FO_alpha,2,A1,O,-0.0
FO_alpha,2,A1,T,-0.0
FO_alpha,2,A1,M,-0.0
FO_alpha,2,A2,P,-0.0
FO_alpha,2,A2,S,-0.0
FO_alpha,2,A2,O,-0.0
FO_alpha,2,A2,T,-0.0
FO_alpha,2,A2,M,-0.0
FO_alpha,2,B1,P,-0.0
FO_alpha,2,B1,S,-0.0
FO_alpha,2,B1,O,-0.0
FO_alpha,2,B1,T,-0.0
FO_alpha,2,B1,M,-0.0
FO_alpha,2,B2,P,-0.0
FO_alpha,2,B2,S,-0.0
FO_alpha,2,B2,O,-0.0
FO_alpha,2,B2,T,-0.0
FO_alpha,2,B2,M,-0.0
FO_alpha,2,B3,P,-0.0
FO_alpha,2,B3,S,-0.0
FO_alpha,2,B3,O,-0.0
FO_alpha,2,B3,T,-0.0
FO_alpha,2,B3,M,-0.0
FO_alpha,2,C1,P,-0.0
FO_alpha,2,C1,S,-101.0
FO_alpha,2,C1,O,-0.0
FO_alpha,2,C1,T,-0.0
FO_alpha,2,C1,M,-0.0
FO_alpha,2,C2,P,-0.0
FO_alpha,2,C2,S,-101.0
FO_alpha,2,C2,O,-0.0
FO_alpha,2,C2,T,-0.0
FO_alpha,2,C2,M,-0.0
FO_alpha,2,D1,P,-0.0
FO_alpha,2,D1,S,-0.0
FO_alpha,2,D1,O,-0.0
FO_alpha,2,D1,T,1.0
FO_alpha,2,D1,M,-0.0
FO_alpha,2,D2,P,-0.0
FO_alpha,2,D2,S,-0.0
FO_alpha,2,D2,O,-0.0
FO_alpha,2,D2,T,1.0
FO_alpha,2,D2,M,-0.0
FO_alpha,2,D3,P,-0.0
FO_alpha,2,D3,S,-0.0
FO_alpha,2,D3,O,-0.0
FO_alpha,2,D3,T,1.0
FO_alpha,2,D3,M,-0.0
FO_alpha,2,E1,P,-0.0
FO_alpha,2,E1,S,-0.0
FO_alpha,2,E1,O,-0.0
FO_alpha,2,E1,T,-0.0
FO_alpha,2,E1,M,-0.0
FO_alpha,2,E2,P,-0.0
FO_alpha,2,E2,S,-0.0
FO_alpha,2,E2,O,-0.0
FO_alpha,2,E2,T,-0.0
FO_alpha,2,E2,M,-0.0
FO_alpha,3,A1,P,-1.0
FO_alpha,3,A1,S,-0.0
FO_alpha,3,A1,O,-0.0
FO_alpha,3,A1,T,-0.0
FO_alpha,3,A1,M,-0.0
FO_alpha,3,A2,P,-1.0
FO_alpha,3,A2,S,-0.0
FO_alpha,3,A2,O,-0.0
FO_alpha,3,A2,T,-0.0
FO_alpha,3,A2,M,-0.0
FO_alpha,3,B1,P,-0.0
FO_alpha,3,B1,S,-0.0
FO_alpha,3,B1,O,-0.0
FO_alpha,3,B1,T,-0.0
FO_alpha,3,B1,M,-0.0
FO_alpha,3,B2,P,-0.0
FO_alpha,3,B2,S,-0.0
FO_alpha,3,B2,O,-0.0
FO_alpha,3,B2,T,-0.0
FO_alpha,3,B2,M,-0.0
FO_alpha,3,B3,P,-0.0
FO_alpha,3,B3,S,-0.0
FO_alpha,3,B3,O,-0.0
FO_alpha,3,B3,T,-0.0
FO_alpha,3,B3,M,-0.0
FO_alpha,3,C1,P,-0.0
FO_alpha,3,C1,S,1.0
FO_alpha,3,C1,O,-0.0
FO_alpha,3,C1,T,-0.0
FO_alpha,3,C1,M,-0.0
FO_alpha,3,C2,P,-0.0
FO_alpha,3,C2,S,1.0
FO_alpha,3,C2,O,-0.0
FO_alpha,3,C2,T,-0.0
FO_alpha,3,C2,M,-0.0
FO_alpha,3,D1,P,-0.0
FO_alpha,3,D1,S,-0.0
FO_alpha,3,D1,O,-0.0
FO_alpha,3,D1,T,-0.0
FO_alpha,3,D1,M,-0.0
FO_alpha,3,D2,P,-0.0
FO_alpha,3,D2,S,-0.0
FO_alpha,3,D2,O,-0.0
FO_alpha,3,D2,T,-0.0
FO_alpha,3,D2,M,-0.0
FO_alpha,3,D3,P,-0.0
FO_alpha,3,D3,S,-0.0
FO_alpha,3,D3,O,-0.0
FO_alpha,3,D3,T,-0.0
FO_alpha,3,D3,M,-0.0
FO_alpha,3,E1,P,-0.0
FO_alpha,3,E1,S,-0.0
FO_alpha,3,E1,O,-0.0
FO_alpha,3,E1,T,-0.0
FO_alpha,3,E1,M,-0.0
FO_alpha,3,E2,P,-0.0
FO_alpha,3,E2,S,-0.0
FO_alpha,3,E2,O,-0.0
FO_alpha,3,E2,T,-0.0
FO_alpha,3,E2,M,-0.0
FO_alpha,4,A1,P,101.0
FO_alpha,4,A1,S,-0.0
FO_alpha,4,A1,O,-0.0
FO_alpha,4,A1,T,-0.0
FO_alpha,4,A1,M,-0.0
FO_alpha,4,A2,P,101.0
FO_alpha,4,A2,S,-0.0
FO_alpha,4,A2,O,-0.0
FO_alpha,4,A2,T,-0.0
FO_alpha,4,A2,M,-0.0
FO_alpha,4,B1,P,100.0
FO_alpha,4,B1,S,100.0
FO_alpha,4,B1,O,100.0
FO_alpha,4,B1,T,100.0
FO_alpha,4,B1,M,-0.0
FO_alpha,4,B2,P,100.0
FO_alpha,4,B2,S,100.0
FO_alpha,4,B2,O,100.0
FO_alpha,4,B2,T,100.0
FO_alpha,4,B2,M,-0.0
FO_alpha,4,B3,P,100.0
FO_alpha,4,B3,S,100.0
FO_alpha,4,B3,O,100.0
FO_alpha,4,B3,T,100.0
FO_alpha,4,B3,M,-0.0
FO_alpha,4,C1,P,100.0
FO_alpha,4,C1,S,-0.0
FO_alpha,4,C1,O,100.0
FO_alpha,4,C1,T,100.0
FO_alpha,4,C1,M,100.0
FO_alpha,4,C2,P,100.0
FO_alpha,4,C2,S,1.0
FO_alpha,4,C2,O,100.0
FO_alpha,4,C2,T,100.0
FO_alpha,4,C2,M,100.0
FO_alpha,4,D1,P,100.0
FO_alpha,4,D1,S,100.0
FO_alpha,4,D1,O,100.0
FO_alpha,4,D1,T,-0.0
FO_alpha,4,D1,M,100.0
FO_alpha,4,D2,P,100.0
FO_alpha,4,D2,S,100.0
FO_alpha,4,D2,O,100.0
FO_alpha,4,D2,T,-0.0
FO_alpha,4,D2,M,100.0
FO_alpha,4,D3,P,100.0
FO_alpha,4,D3,S,100.0
FO_alpha,4,D3,O,100.0
FO_alpha,4,D3,T,-0.0
FO_alpha,4,D3,M,100.0
FO_alpha,4,E1,P,100.0
FO_alpha,4,E1,S,100.0
FO_alpha,4,E1,O,-0.0
FO_alpha,4,E1,T,100.0
FO_alpha,4,E1,M,100.0
FO_alpha,4,E2,P,100.0
FO_alpha,4,E2,S,100.0
FO_alpha,4,E2,O,-0.0
FO_alpha,4,E2,T,100.0
FO_alpha,4,E2,M,100.0
FI_beta,1,A1,P,-0.0
FI_beta,1,A1,S,100.0
FI_beta,1,A1,O,100.0
FI_beta,1,A1,T,100.0
FI_beta,1,A1,M,100.0
FI_beta,1,A2,P,-0.0
FI_beta,1,A2,S,100.0
FI_beta,1,A2,O,100.0
FI_beta,1,A2,T,100.0
FI_beta,1,A2,M,100.0
FI_beta,1,B1,P,-0.0
FI_beta,1,B1,S,-0.0
FI_beta,1,B1,O,-0.0
FI_beta,1,B1,T,2.0
FI_beta,1,B1,M,101.0
FI_beta,1,B2,P,-0.0
FI_beta,1,B2,S,-0.0
FI_beta,1,B2,O,-0.0
FI_beta,1,B2,T,2.0
FI_beta,1,B2,M,100.0
FI_beta,1,B3,P,-0.0
FI_beta,1,B3,S,-0.0
FI_beta,1,B3,O,-0.0
FI_beta,1,B3,T,3.0
FI_beta,1,B3,M,100.0
FI_beta,1,C1,P,100.0
FI_beta,1,C1,S,-1.0
FI_beta,1,C1,O,100.0
FI_beta,1,C1,T,100.0
FI_beta,1,C1,M,100.0
FI_beta,1,C2,P,100.0
FI_beta,1,C2,S,-0.0
FI_beta,1,C2,O,100.0
FI_beta,1,C2,T,100.0
FI_beta,1,C2,M,100.0
FI_beta,1,D1,P,100.0
FI_beta,1,D1,S,100.0
FI_beta,1,D1,O,100.0
FI_beta,1,D1,T,3.0
FI_beta,1,D1,M,100.0
FI_beta,1,D2,P,101.0
FI_beta,1,D2,S,101.0
FI_beta,1,D2,O,101.0
FI_beta,1,D2,T,2.0
FI_beta,1,D2,M,101.0
FI_beta,1,D3,P,101.0
FI_beta,1,D3,S,101.0
FI_beta,1,D3,O,101.0
FI_beta,1,D3,T,2.0
FI_beta,1,D3,M,101.0
FI_beta,1,E1,P,100.0
FI_beta,1,E1,S,100.0
FI_beta,1,E1,O,-1.0
FI_beta,1,E1,T,100.0
FI_beta,1,E1,M,100.0
FI_beta,1,E2,P,100.0
FI_beta,1,E2,S,100.0
FI_beta,1,E2,O,-1.0
FI_beta,1,E2,T,100.0
FI_beta,1,E2,M,100.0
FI_beta,2,A1,P,-0.0
FI_beta,2,A1,S,100.0
FI_beta,2,A1,O,100.0
FI_beta,2,A1,T,100.0
FI_beta,2,A1,M,100.0
FI_beta,2,A2,P,-0.0
FI_beta,2,A2,S,100.0
FI_beta,2,A2,O,100.0
FI_beta,2,A2,T,100.0
FI_beta,2,A2,M,100.0
FI_beta,2,B1,P,100.0
FI_beta,2,B1,S,100.0
FI_beta,2,B1,O,100.0
FI_beta,2,B1,T,100.0
FI_beta,2,B1,M,-1.0
FI_beta,2,B2,P,100.0
FI_beta,2,B2,S,100.0
FI_beta,2,B2,O,100.0
FI_beta,2,B2,T,100.0
FI_beta,2,B2,M,-1.0
FI_beta,2,B3,P,100.0
FI_beta,2,B3,S,100.0
FI_beta,2,B3,O,100.0
FI_beta,2,B3,T,100.0
FI_beta,2,B3,M,-1.0
FI_beta,2,C1,P,100.0
FI_beta,2,C1,S,1.0
FI_beta,2,C1,O,100.0
FI_beta,2,C1,T,100.0
FI_beta,2,C1,M,100.0
FI_beta,2,C2,P,100.0
FI_beta,2,C2,S,1.0
FI_beta,2,C2,O,100.0
FI_beta,2,C2,T,100.0
FI_beta,2,C2,M,100.0
FI_beta,2,D1,P,-0.0
FI_beta,2,D1,S,-0.0
FI_beta,2,D1,O,-0.0
FI_beta,2,D1,T,101.0
FI_beta,2,D1,M,-0.0
FI_beta,2,D2,P,-0.0
FI_beta,2,D2,S,-0.0
FI_beta,2,D2,O,-0.0
FI_beta,2,D2,T,101.0
FI_beta,2,D2,M,-0.0
FI_beta,2,D3,P,-0.0
FI_beta,2,D3,S,-0.0
FI_beta,2,D3,O,-0.0
FI_beta,2,D3,T,101.0
FI_beta,2,D3,M,-0.0
FI_beta,2,E1,P,100.0
FI_beta,2,E1,S,100.0
FI_beta,2,E1,O,-0.0
FI_beta,2,E1,T,100.0
FI_beta,2,E1,M,100.0
FI_beta,2,E2,P,100.0
FI_beta,2,E2,S,100.0
FI_beta,2,E2,O,-0.0
FI_beta,2,E2,T,100.0
FI_beta,2,E2,M,100.0
FI_beta,3,A1,P,-0.0
FI_beta,3,A1,S,100.0
FI_beta,3,A1,O,100.0
FI_beta,3,A1,T,100.0
FI_beta,3,A1,M,100.0
FI_beta,3,A2,P,-0.0
FI_beta,3,A2,S,100.0
FI_beta,3,A2,O,100.0
FI_beta,3,A2,T,100.0
FI_beta,3,A2,M,100.0
FI_beta,3,B1,P,100.0
FI_beta,3,B1,S,100.0
FI_beta,3,B1,O,100.0
FI_beta,3,B1,T,100.0
FI_beta,3,B1,M,-0.0
FI_beta,3,B2,P,100.0
FI_beta,3,B2,S,100.0
FI_beta,3,B2,O,100.0
FI_beta,3,B2,T,100.0
FI_beta,3,B2,M,-0.0
FI_beta,3,B3,P,100.0
FI_beta,3,B3,S,100.0
FI_beta,3,B3,O,100.0
FI_beta,3,B3,T,100.0
FI_beta,3,B3,M,-0.0
FI_beta,3,C1,P,-0.0
FI_beta,3,C1,S,101.0
FI_beta,3,C1,O,-0.0
FI_beta,3,C1,T,-0.0
FI_beta,3,C1,M,-0.0
FI_beta,3,C2,P,-0.0
FI_beta,3,C2,S,101.0
FI_beta,3,C2,O,-0.0
FI_beta,3,C2,T,-0.0
FI_beta,3,C2,M,-0.0
FI_beta,3,D1,P,100.0
FI_beta,3,D1,S,100.0
FI_beta,3,D1,O,100.0
FI_beta,3,D1,T,-1.0
FI_beta,3,D1,M,100.0
FI_beta,3,D2,P,100.0
FI_beta,3,D2,S,100.0
FI_beta,3,D2,O,100.0
FI_beta,3,D2,T,-1.0
FI_beta,3,D2,M,100.0
FI_beta,3,D3,P,100.0
FI_beta,3,D3,S,100.0
FI_beta,3,D3,O,100.0
FI_beta,3,D3,T,-1.0
FI_beta,3,D3,M,100.0
FI_beta,3,E1,P,100.0
FI_beta,3,E1,S,100.0
FI_beta,3,E1,O,-0.0
FI_beta,3,E1,T,100.0
FI_beta,3,E1,M,100.0
FI_beta,3,E2,P,100.0
FI_beta,3,E2,S,100.0
FI_beta,3,E2,O,-0.0
FI_beta,3,E2,T,100.0
FI_beta,3,E2,M,100.0
FI_beta,4,A1,P,1.0
FI_beta,4,A1,S,-0.0
FI_beta,4,A1,O,-0.0
FI_beta,4,A1,T,-0.0
FI_beta,4,A1,M,-0.0
FI_beta,4,A2,P,1.0
FI_beta,4,A2,S,-0.0
FI_beta,4,A2,O,-0.0
FI_beta,4,A2,T,-0.0
FI_beta,4,A2,M,-0.0
FI_beta,4,B1,P,-0.0
FI_beta,4,B1,S,-0.0
FI_beta,4,B1,O,-0.0
FI_beta,4,B1,T,-0.0
FI_beta,4,B1,M,-0.0
FI_beta,4,B2,P,-0.0
FI_beta,4,B2,S,-0.0
FI_beta,4,B2,O,-0.0
FI_beta,4,B2,T,-0.0
FI_beta,4,B2,M,-0.0
FI_beta,4,B3,P,-0.0
FI_beta,4,B3,S,-0.0
FI_beta,4,B3,O,-0.0
FI_beta,4,B3,T,-0.0
FI_beta,4,B3,M,-0.0
FI_beta,4,C1,P,-0.0
FI_beta,4,C1,S,-1.0
FI_beta,4,C1,O,-0.0
FI_beta,4,C1,T,-0.0
FI_beta,4,C1,M,-0.0
FI_beta,4,C2,P,-0.0
FI_beta,4,C2,S,-1.0
FI_beta,4,C2,O,-0.0
FI_beta,4,C2,T,-0.0
FI_beta,4,C2,M,-0.0
FI_beta,4,D1,P,-0.0
FI_beta,4,D1,S,-0.0
FI_beta,4,D1,O,-0.0
FI_beta,4,D1,T,-0.0
FI_beta,4,D1,M,-0.0
FI_beta,4,D2,P,-0.0
FI_beta,4,D2,S,-0.0
FI_beta,4,D2,O,-0.0
FI_beta,4,D2,T,-0.0
FI_beta,4,D2,M,-0.0
FI_beta,4,D3,P,-0.0
FI_beta,4,D3,S,-0.0
FI_beta,4,D3,O,-0.0
FI_beta,4,D3,T,-0.0
FI_beta,4,D3,M,-0.0
FI_beta,4,E1,P,-0.0
FI_beta,4,E1,S,-0.0
FI_beta,4,E1,O,-0.0
FI_beta,4,E1,T,-0.0
FI_beta,4,E1,M,-0.0
FI_beta,4,E2,P,-0.0
FI_beta,4,E2,S,-0.0
FI_beta,4,E2,O,-0.0
FI_beta,4,E2,T,-0.0
FI_beta,4,E2,M,-0.0
FI_beta,5,A1,P,-101.0
FI_beta,5,A1,S,-0.0
FI_beta,5,A1,O,-0.0
FI_beta,5,A1,T,-0.0
FI_beta,5,A1,M,-0.0
FI_beta,5,A2,P,-101.0
FI_beta,5,A2,S,-0.0
FI_beta,5,A2,O,-0.0
FI_beta,5,A2,T,-0.0
FI_beta,5,A2,M,-0.0
FI_beta,5,B1,P,-0.0
FI_beta,5,B1,S,-0.0
FI_beta,5,B1,O,-0.0
FI_beta,5,B1,T,-0.0
FI_beta,5,B1,M,-0.0
FI_beta,5,B2,P,-0.0
FI_beta,5,B2,S,-0.0
FI_beta,5,B2,O,-0.0
FI_beta,5,B2,T,-0.0
FI_beta,5,B2,M,-0.0
FI_beta,5,B3,P,-0.0
FI_beta,5,B3,S,-0.0
FI_beta,5,B3,O,-0.0
FI_beta,5,B3,T,-0.0
FI_beta,5,B3,M,-0.0
FI_beta,5,C1,P,-0.0
FI_beta,5,C1,S,-0.0
FI_beta,5,C1,O,-0.0
FI_beta,5,C1,T,-0.0
FI_beta,5,C1,M,-0.0
FI_beta,5,C2,P,-0.0
FI_beta,5,C2,S,-1.0
FI_beta,5,C2,O,-0.0
FI_beta,5,C2,T,-0.0
FI_beta,5,C2,M,-0.0
FI_beta,5,D1,P,-0.0
FI_beta,5,D1,S,-0.0
FI_beta,5,D1,O,-0.0
FI_beta,5,D1,T,-0.0
FI_beta,5,D1,M,-0.0
FI_beta,5,D2,P,-0.0
FI_beta,5,D2,S,-0.0
FI_beta,5,D2,O,-0.0
FI_beta,5,D2,T,-0.0
FI_beta,5,D2,M,-0.0
FI_beta,5,D3,P,-0.0
FI_beta,5,D3,S,-0.0
FI_beta,5,D3,O,-0.0
FI_beta,5,D3,T,-0.0
FI_beta,5,D3,M,-0.0
FI_beta,5,E1,P,-0.0
FI_beta,5,E1,S,-0.0
FI_beta,5,E1,O,-0.0
FI_beta,5,E1,T,-0.0
FI_beta,5,E1,M,-0.0
FI_beta,5,E2,P,-0.0
FI_beta,5,E2,S,-0.0
FI_beta,5,E2,O,-0.0
FI_beta,5,E2,T,-0.0
FI_beta,5,E2,M,-0.0
UNAV_delta,0,E1,P,-0.0
UNAV_delta,0,E1,S,-0.0
UNAV_delta,0,E1,O,-101.0
UNAV_delta,0,E1,T,-0.0
UNAV_delta,0,E1,M,-0.0
UNAV_delta,0,E2,P,-0.0
UNAV_delta,0,E2,S,-0.0
UNAV_delta,0,E2,O,-101.0
UNAV_delta,0,E2,T,-0.0
UNAV_delta,0,E2,M,-0.0
UNAV_delta,1,B1,P,-0.0
UNAV_delta,1,B1,S,-0.0
UNAV_delta,1,B1,O,-0.0
UNAV_delta,1,B1,T,-0.0
UNAV_delta,1,B1,M,-202.0
UNAV_delta,1,B2,P,-0.0
UNAV_delta,1,B2,S,-0.0
UNAV_delta,1,B2,O,-0.0
UNAV_delta,1,B2,T,-0.0
UNAV_delta,1,B2,M,-201.0
UNAV_delta,1,B3,P,-0.0
UNAV_delta,1,B3,S,-0.0
UNAV_delta,1,B3,O,-0.0
UNAV_delta,1,B3,T,-0.0
UNAV_delta,1,B3,M,-201.0
UNAV_delta,2,D1,P,-0.0
UNAV_delta,2,D1,S,-0.0
UNAV_delta,2,D1,O,-0.0
UNAV_delta,2,D1,T,-202.0
UNAV_delta,2,D1,M,-0.0
UNAV_delta,2,D2,P,-0.0
UNAV_delta,2,D2,S,-0.0
UNAV_delta,2,D2,O,-0.0
UNAV_delta,2,D2,T,-202.0
UNAV_delta,2,D2,M,-0.0
UNAV_delta,2,D3,P,-0.0
UNAV_delta,2,D3,S,-0.0
UNAV_delta,2,D3,O,-0.0
UNAV_delta,2,D3,T,-202.0
UNAV_delta,2,D3,M,-0.0
UNAV_delta,3,C1,P,-0.0
UNAV_delta,3,C1,S,-202.0
UNAV_delta,3,C1,O,-0.0
UNAV_delta,3,C1,T,-0.0
UNAV_delta,3,C1,M,-0.0
UNAV_delta,3,C2,P,-0.0
UNAV_delta,3,C2,S,-202.0
UNAV_delta,3,C2,O,-0.0
UNAV_delta,3,C2,T,-0.0
UNAV_delta,3,C2,M,-0.0
UNAV_delta,4,A1,P,-202.0
UNAV_delta,4,A1,S,-0.0
UNAV_delta,4,A1,O,-0.0
UNAV_delta,4,A1,T,-0.0
UNAV_delta,4,A1,M,-0.0
UNAV_delta,4,A2,P,-202.0
UNAV_delta,4,A2,S,-0.0
UNAV_delta,4,A2,O,-0.0
UNAV_delta,4,A2,T,-0.0
UNAV_delta,4,A2,M,-0.0
BC0_lambda,0,A1,P,-100.0
BC0_lambda,0,A1,S,-0.0
BC0_lambda,0,A1,O,-0.0
BC0_lambda,0,A1,T,-0.0
BC0_lambda,0,A1,M,-0.0
BC0_lambda,0,A2,P,-100.0
BC0_lambda,0,A2,S,-0.0
BC0_lambda,0,A2,O,-0.0
BC0_lambda,0,A2,T,-0.0
BC0_lambda,0,A2,M,-0.0
BC0_lambda,0,B1,P,-0.0
BC0_lambda,0,B1,S,-0.0
BC0_lambda,0,B1,O,100.0
BC0_lambda,0,B1,T,-0.0
BC0_lambda,0,B1,M,101.0
BC0_lambda,0,B2,P,-0.0
BC0_lambda,0,B2,S,100.0
BC0_lambda,0,B2,O,-0.0
BC0_lambda,0,B2,T,-0.0
BC0_lambda,0,B2,M,-100.0
BC0_lambda,0,B3,P,-0.0
BC0_lambda,0,B3,S,-0.0
BC0_lambda,0,B3,O,100.0
BC0_lambda,0,B3,T,103.0
BC0_lambda,0,B3,M,-100.0
BC0_lambda,0,C1,P,-0.0
BC0_lambda,0,C1,S,-101.0
BC0_lambda,0,C1,O,-0.0
BC0_lambda,0,C1,T,103.0
BC0_lambda,0,C1,M,-0.0
BC0_lambda,0,C2,P,-0.0
BC0_lambda,0,C2,S,-100.0
BC0_lambda,0,C2,O,-0.0
BC0_lambda,0,C2,T,-0.0
BC0_lambda,0,C2,M,-0.0
BC0_lambda,0,D1,P,-0.0
BC0_lambda,0,D1,S,-0.0
BC0_lambda,0,D1,O,-0.0
BC0_lambda,0,D1,T,3.0
BC0_lambda,0,D1,M,-0.0
BC0_lambda,0,D2,P,-0.0
BC0_lambda,0,D2,S,-0.0
BC0_lambda,0,D2,O,-0.0
BC0_lambda,0,D2,T,-100.0
BC0_lambda,0,D2,M,201.0
BC0_lambda,0,D3,P,-0.0
BC0_lambda,0,D3,S,-0.0
BC0_lambda,0,D3,O,-0.0
BC0_lambda,0,D3,T,-100.0
BC0_lambda,0,D3,M,201.0
BC0_lambda,0,E1,P,-0.0
BC0_lambda,0,E1,S,-0.0
BC0_lambda,0,E1,O,-0.0
BC0_lambda,0,E1,T,-0.0
BC0_lambda,0,E1,M,-0.0
BC0_lambda,0,E2,P,-0.0
BC0_lambda,0,E2,S,-0.0
BC0_lambda,0,E2,O,-0.0
BC0_lambda,0,E2,T,-0.0
BC0_lambda,0,E2,M,-0.0
BC5_rho,5,A1,P,1.0
BC5_rho,5,A1,S,-0.0
BC5_rho,5,A1,O,-0.0
BC5_rho,5,A1,T,-0.0
BC5_rho,5,A1,M,-0.0
BC5_rho,5,A2,P,1.0
BC5_rho,5,A2,S,-0.0
BC5_rho,5,A2,O,-0.0
BC5_rho,5,A2,T,-0.0
BC5_rho,5,A2,M,-0.0
BC5_rho,5,B1,P,-0.0
BC5_rho,5,B1,S,-0.0
BC5_rho,5,B1,O,-0.0
BC5_rho,5,B1,T,-0.0
BC5_rho,5,B1,M,-0.0
BC5_rho,5,B2,P,-0.0
BC5_rho,5,B2,S,-0.0
BC5_rho,5,B2,O,-0.0
BC5_rho,5,B2,T,-0.0
BC5_rho,5,B2,M,-100.0
BC5_rho,5,B3,P,-0.0
BC5_rho,5,B3,S,-0.0
BC5_rho,5,B3,O,-0.0
BC5_rho,5,B3,T,-0.0
BC5_rho,5,B3,M,-0.0
BC5_rho,5,C1,P,-0.0
BC5_rho,5,C1,S,-100.0
BC5_rho,5,C1,O,-0.0
BC5_rho,5,C1,T,-0.0
BC5_rho,5,C1,M,-0.0
BC5_rho,5,C2,P,-0.0
BC5_rho,5,C2,S,-99.0
BC5_rho,5,C2,O,-0.0
BC5_rho,5,C2,T,-0.0
BC5_rho,5,C2,M,-0.0
BC5_rho,5,D1,P,-0.0
BC5_rho,5,D1,S,-0.0
BC5_rho,5,D1,O,-0.0
BC5_rho,5,D1,T,-0.0
BC5_rho,5,D1,M,-0.0
BC5_rho,5,D2,P,-0.0
BC5_rho,5,D2,S,-0.0
BC5_rho,5,D2,O,-0.0
BC5_rho,5,D2,T,-100.0
BC5_rho,5,D2,M,-0.0
BC5_rho,5,D3,P,-0.0
BC5_rho,5,D3,S,-0.0
BC5_rho,5,D3,O,-0.0
BC5_rho,5,D3,T,-0.0
BC5_rho,5,D3,M,-0.0
BC5_rho,5,E1,P,-0.0
BC5_rho,5,E1,S,-0.0
BC5_rho,5,E1,O,-0.0
BC5_rho,5,E1,T,-0.0
BC5_rho,5,E1,M,-0.0
BC5_rho,5,E2,P,-0.0
BC5_rho,5,E2,S,-0.0
BC5_rho,5,E2,O,-0.0
BC5_rho,5,E2,T,-0.0
BC5_rho,5,E2,M,-0.0
